Type,Name,Request Count,Failure Count,Median Response Time,Average Response Time,Min Response Time,Max Response Time,Average Content Size,Requests/s,Failures/s,50%,66%,75%,80%,90%,95%,98%,99%,99.9%,99.99%,100%
TCP,connect,500,0,45,49.366769313812256,4.206418991088867,144.7889804840088,33.0,2.881925272605767,0.0,45,67,77,81,120,130,140,140,140,140,140
CMD,echo,119657,0,10,15.099763348199865,-19.995927810668945,1987.8878593444824,143.41276314799802,689.6850646883765,0.0,10,16,19,22,34,44,61,73,140,2000,2000
CMD,help,29813,0,10,14.760439891646925,-11.956930160522461,1982.5568199157715,173.0,171.83767630439147,0.0,10,15,19,22,34,44,61,73,130,320,2000
CMD,ping,150656,0,10,15.015438165810012,-19.466400146484375,1987.6275062561035,5.0,868.3586677393889,0.0,10,16,19,22,33,44,60,73,140,2000,2000
CMD,random_sequence,157028,0,10,14.83044703858157,-19.78588104248047,1986.3638877868652,37.64603764933642,905.0859234134768,0.0,10,15,19,22,33,44,60,72,140,360,2000
CMD,stress_echo,149031,0,10,14.946532021800303,-19.053220748901367,1987.440824508667,15.892519006112822,858.9924106034201,0.0,10,16,19,22,33,44,60,73,140,2000,2000
CMD,stress_ping,299365,0,10,14.914569217127006,-18.782854080200195,1996.3743686676025,5.0,1725.495118467251,0.0,10,15,19,22,33,44,61,73,140,2000,2000
CMD,time,74888,0,10,14.997565247108126,-18.49222183227539,1996.610403060913,34.0,431.64323962980137,0.0,10,16,19,22,33,44,60,72,140,2000,2000
,Aggregated,980938,0,10,14.963253891312569,-19.995927810668945,1996.610403060913,36.098863536737284,5653.980026118712,0.0,10,16,19,22,33,44,61,73,140,2000,2000
